sample_index,E1 OilP,E1 OilT,E1 RPM,E1 CHT1,IAS,AltMSL
5088, 72.04, 184.33, 2500.1, 356.9, 107.4, 2114.5
5089, 72.28, 184.36, 2498.4, 356.87, 107.23, 2116.0
5090, 71.58, 184.38, 2494.0, 356.92, 107.32, 2116.8
5091, 71.92, 184.39, 2500.3, 356.96, 107.06, 2116.8
5092, 72.22, 184.4, 2497.4, 356.97, 107.13, 2116.6
5093, 72.23, 184.44, 2509.4, 356.97, 107.22, 2115.1
5094, 72.1, 184.46, 2505.1, 356.97, 107.74, 2114.2
5095, 72.39, 184.45, 2503.6, 356.97, 108.19, 2113.3
5096, 72.03, 184.47, 2507.6, 356.97, 108.1, 2112.3
5097, 71.82, 184.49, 2510.5, 357.03, 108.49, 2111.2
5098, 72.18, 184.47, 2522.1, 357.09, 108.76, 2109.8
5099, 72.05, 184.45, 2513.0, 357.11, 109.52, 2108.5
5100, 72.18, 184.47, 2521.2, 357.11, 110.05, 2107.3
5101, 71.84, 184.5, 2513.4, 357.11, 109.78, 2105.5
5102, 72.28, 184.51, 2521.2, 357.11, 109.51, 2102.9
5103, 72.28, 184.5, 2526.4, 357.2, 110.62, 2098.3
5104, 72.19, 184.53, 2529.6, 357.23, 110.9, 2096.5
5105, 72.51, 184.54, 2524.8, 357.23, 111.61, 2090.9
5106, 72.1, 184.53, 2524.2, 357.25, 111.85, 2084.5
5107, 71.58, 184.56, 2516.6, 357.25, 112.37, 2076.3
5108, 71.96, 184.57, 2483.7, 357.28, 113.26, 2066.7
5109, 72.2, 184.55, 2469.2, 357.34, 114.55, 2055.2
5110, 71.65, 184.53, 2451.7, 357.32, 114.89, 2041.7
5111, 70.67, 184.56, 2432.3, 357.34, 115.88, 2027.7
5112, 70.69, 184.57, 2406.3, 357.31, 117.32, 2013.0
5113, 70.92, 184.56, 2380.4, 357.27, 118.31, 1996.7
5114, 70.77, 184.55, 2390.2, 357.25, 118.99, 1979.7
5115, 59.03, 184.55, 2390.1, 357.34, 119.47, 1964.4
5116, 71.22, 184.53, 2401.2, 357.17, 120.21, 1947.5
5117, 70.85, 184.49, 2404.1, 357.04, 120.69, 1930.0
5118, 71.43, 184.48, 2406.2, 356.9, 120.94, 1912.3
5119, 70.69, 184.48, 2409.3, 356.78, 121.35, 1896.4
5120, 70.12, 184.47, 2407.2, 356.76, 121.52, 1882.5
5121, 70.07, 184.44, 2410.9, 356.53, 121.54, 1868.7
5122, 70.88, 184.41, 2409.6, 356.43, 121.57, 1856.3
5123, 71.19, 184.4, 2411.7, 356.19, 121.75, 1844.9
5124, 71.6, 184.36, 2408.5, 355.94, 121.21, 1833.5
5125, 71.02, 184.32, 2408.6, 355.74, 121.54, 1822.2
5126, 71.28, 184.3, 2405.1, 355.62, 120.83, 1810.2
5127, 71.13, 184.28, 2397.5, 355.34, 120.21, 1797.5
5128, 71.78, 184.22, 2398.2, 355.07, 119.86, 1785.0
5129, 71.07, 184.14, 2396.9, 354.77, 120.09, 1773.7
5130, 70.3, 184.11, 2399.4, 354.53, 119.68, 1763.6
5131, 70.72, 184.06, 2392.9, 354.29, 120.33, 1752.9
5132, 69.92, 183.97, 2401.4, 354.07, 120.03, 1742.1
5133, 70.55, 183.89, 2404.5, 353.75, 119.74, 1731.5
5134, 70.14, 183.85, 2396.3, 353.39, 119.87, 1722.1
5135, 69.78, 183.81, 2404.4, 353.12, 119.53, 1710.9
5136, 70.18, 183.75, 2383.7, 352.9, 119.07, 1700.9
5137, 70.69, 183.7, 2402.4, 352.57, 119.46, 1691.8
5138, 69.87, 183.67, 2395.8, 352.25, 119.82, 1682.5
5139, 71.38, 183.62, 2387.3, 351.89, 119.46, 1674.3
5140, 70.05, 183.53, 2386.4, 351.68, 118.46, 1665.5
5141, 70.64, 183.48, 2379.9, 351.42, 119.19, 1657.3
5142, 70.76, 183.45, 2382.9, 350.99, 118.83, 1649.1
5143, 71.26, 183.39, 2377.1, 350.71, 118.38, 1641.4
5144, 70.33, 183.3, 2370.1, 350.3, 117.44, 1635.7
5145, 70.01, 183.25, 2378.7, 350.03, 117.37, 1633.0
5146, 70.34, 183.19, 2373.9, 349.7, 116.44, 1631.9
5147, 70.62, 183.13, 2356.0, 349.31, 115.72, 1632.9
5148, 68.81, 183.05, 2365.5, 348.93, 115.18, 1634.4
5149, 69.1, 183.01, 2350.5, 348.57, 114.46, 1638.6
5150, 69.16, 182.98, 2348.6, 348.29, 114.11, 1641.5
5151, 69.88, 182.92, 2347.2, 347.92, 113.45, 1643.8
5152, 69.71, 182.87, 2327.1, 347.51, 112.15, 1645.4
5153, 69.98, 182.84, 2332.8, 347.11, 111.67, 1648.3
5154, 67.65, 182.82, 2330.8, 346.88, 110.96, 1649.8
5155, 68.81, 182.76, 2320.7, 346.48, 110.19, 1650.0
5156, 67.57, 182.69, 2308.5, 346.08, 108.74, 1650.1
5157, 67.96, 182.62, 2307.2, 345.39, 107.74, 1651.7
5158, 64.62, 182.55, 2321.4, 345.05, 107.15, 1651.8
5159, 67.41, 182.49, 2300.9, 344.71, 106.39, 1650.8
5160, 68.11, 182.47, 2334.6, 344.44, 106.4, 1649.4
5161, 68.49, 182.43, 2336.7, 344.06, 106.3, 1647.8
5162, 67.53, 182.38, 2340.6, 343.81, 107.07, 1646.4
5163, 67.11, 182.35, 2324.6, 343.34, 105.27, 1643.1
5164, 67.57, 182.34, 2332.4, 343.05, 105.5, 1640.7
5165, 68.15, 182.32, 2325.7, 342.76, 105.15, 1638.9
5166, 66.69, 182.28, 2332.9, 342.44, 105.72, 1638.8
5167, 67.74, 182.25, 2342.6, 342.13, 106.26, 1639.9
5168, 70.42, 182.24, 2323.4, 341.93, 105.33, 1641.0
5169, 69.42, 182.2, 2330.8, 341.69, 104.7, 1642.5
5170, 67.59, 182.15, 2334.2, 341.43, 105.05, 1642.1
5171, 69.48, 182.14, 2333.5, 341.05, 106.72, 1643.6
5172, 65.03, 182.13, 2325.3, 340.74, 105.29, 1645.0
5173, 68.18, 182.09, 2324.6, 340.56, 105.15, 1646.1
5174, 66.85, 182.06, 2323.1, 340.28, 104.96, 1645.8
5175, 66.85, 182.05, 2317.0, 340.01, 104.16, 1644.8
5176, 67.76, 182.04, 2304.8, 339.85, 102.95, 1645.1
5177, 68.22, 182.0, 2322.0, 339.51, 102.76, 1643.1
5178, 68.67, 181.95, 2307.3, 339.36, 102.01, 1640.1
5179, 68.23, 181.95, 2296.0, 339.16, 100.25, 1637.1
5180, 67.29, 181.93, 2300.8, 338.94, 101.63, 1635.2
5181, 67.42, 181.89, 2299.9, 338.67, 103.22, 1633.2
5182, 67.92, 181.85, 2310.5, 338.48, 102.8, 1630.7
5183, 68.22, 181.86, 2306.9, 338.33, 102.66, 1630.4
5184, 68.62, 181.85, 2300.3, 338.0, 101.84, 1631.7
5185, 68.62, 181.81, 2304.5, 337.88, 102.47, 1632.6
5186, 68.02, 181.79, 2315.2, 337.59, 101.09, 1634.3
5187, 68.87, 181.79, 2312.9, 337.48, 101.97, 1635.3
5188, 67.9, 181.77, 2308.9, 337.27, 102.24, 1636.7
5189, 68.61, 181.73, 2306.5, 337.15, 102.62, 1638.3
5190, 67.68, 181.73, 2313.2, 336.98, 103.51, 1641.1
5191, 68.4, 181.72, 2311.8, 336.81, 102.43, 1644.7
5192, 67.74, 181.69, 2298.2, 336.61, 101.33, 1645.0
5193, 68.54, 181.64, 2300.6, 336.34, 102.24, 1644.0
5194, 67.61, 181.63, 2300.4, 336.15, 101.4, 1643.7
5195, 68.96, 181.59, 2298.7, 336.01, 101.0, 1643.8
5196, 67.25, 181.57, 2270.5, 335.88, 100.82, 1643.0
5197, 68.42, 181.56, 2225.1, 335.74, 103.38, 1639.3
5198, 68.75, 181.54, 2181.2, 335.58, 103.31, 1634.8
5199, 68.92, 181.49, 2156.9, 335.36, 102.96, 1630.8
5200, 69.56, 181.45, 2147.9, 335.27, 103.03, 1626.9
5201, 69.12, 181.42, 2093.9, 335.16, 103.11, 1622.5
5202, 69.33, 181.39, 2063.8, 335.0, 102.87, 1615.8
5203, 68.83, 181.32, 2052.9, 334.79, 101.25, 1608.3
5204, 69.1, 181.23, 2053.2, 334.41, 102.05, 1592.6
5205, 68.94, 181.18, 2042.1, 334.21, 100.44, 1582.4
5206, 69.24, 181.1, 2039.9, 333.95, 100.47, 1571.3
5207, 69.03, 181.03, 2037.6, 333.71, 100.58, 1560.8
5208, 69.35, 180.92, 2030.5, 333.22, 98.56, 1548.4
5209, 69.11, 180.82, 2020.2, 332.99, 97.36, 1548.4
5210, 68.82, 180.76, 2009.3, 332.72, 96.91, 1548.1
5211, 68.89, 180.7, 2000.7, 332.45, 96.66, 1548.6
5212, 68.71, 180.62, 1993.7, 332.12, 96.1, 1549.1
5213, 68.5, 180.53, 1979.2, 331.76, 95.95, 1550.4
5214, 68.86, 180.48, 1992.7, 331.55, 96.05, 1552.6
5215, 68.37, 180.44, 2053.3, 331.32, 94.39, 1554.7
5216, 68.56, 180.4, 2079.8, 331.03, 95.97, 1555.8
5217, 68.53, 180.36, 2077.0, 330.72, 95.21, 1558.9
5218, 68.27, 180.34, 2070.4, 330.45, 93.71, 1562.0
5219, 68.71, 180.32, 2061.1, 330.18, 92.89, 1562.6
5220, 68.52, 180.25, 2058.1, 329.88, 92.36, 1563.1
5221, 68.93, 180.19, 2084.9, 329.62, 93.97, 1563.9
5222, 68.9, 180.15, 2101.0, 329.36, 94.64, 1565.1
5223, 69.1, 180.11, 2103.7, 329.1, 93.97, 1563.5
5224, 68.98, 180.05, 2110.5, 328.87, 94.95, 1560.6
5225, 68.83, 180.01, 2113.7, 328.63, 95.43, 1558.6
5226, 68.91, 179.99, 2118.0, 328.35, 96.16, 1558.2
5227, 68.84, 179.95, 2107.3, 328.1, 94.55, 1553.8
5228, 69.23, 179.91, 2104.3, 327.88, 93.74, 1550.4
5229, 69.42, 179.88, 2109.8, 327.67, 95.45, 1546.1
5230, 69.32, 179.9, 2110.3, 327.4, 95.32, 1542.4
5231, 69.2, 179.9, 2100.7, 327.23, 95.49, 1538.1
5232, 68.85, 179.87, 2055.9, 327.0, 94.16, 1532.6
5233, 68.89, 179.87, 2040.9, 326.69, 93.25, 1527.6
5234, 69.11, 179.88, 2047.6, 326.52, 93.62, 1524.4
5235, 68.97, 179.86, 2048.5, 326.34, 92.22, 1522.7
5236, 68.64, 179.81, 2049.2, 326.14, 92.1, 1521.4
5237, 68.98, 179.77, 2050.2, 325.88, 91.68, 1520.8
5238, 68.87, 179.78, 2045.0, 325.73, 91.08, 1521.3
5239, 68.65, 179.76, 2043.9, 325.52, 90.81, 1521.8
5240, 68.97, 179.73, 2039.8, 325.28, 90.44, 1523.3
5241, 68.9, 179.67, 2034.4, 325.09, 89.1, 1524.7
5242, 68.63, 179.62, 2029.2, 324.88, 88.11, 1526.5
5243, 68.64, 179.58, 2025.9, 324.66, 88.63, 1528.1
5244, 68.56, 179.54, 2013.7, 324.28, 85.53, 1531.9
5245, 68.7, 179.49, 2013.9, 324.1, 86.35, 1534.1
5246, 68.58, 179.42, 2023.4, 323.84, 85.87, 1535.2
5247, 69.11, 179.37, 2036.9, 323.68, 88.34, 1533.4
5248, 68.67, 179.34, 2007.2, 323.54, 88.37, 1529.6
5249, 68.93, 179.3, 1988.5, 323.39, 88.97, 1525.6
5250, 68.05, 179.24, 1982.0, 323.23, 89.67, 1520.3
5251, 68.62, 179.21, 1969.8, 323.0, 88.31, 1513.6
5252, 68.05, 179.19, 1969.1, 322.85, 88.94, 1507.4
5253, 68.68, 179.15, 1968.8, 322.7, 89.46, 1500.4
5254, 67.71, 179.1, 1957.0, 322.53, 89.92, 1493.0
5255, 66.81, 179.07, 1917.1, 322.36, 89.5, 1486.0
5256, 67.08, 179.07, 1879.9, 322.17, 89.33, 1480.6
5257, 66.7, 179.05, 1875.3, 322.02, 89.95, 1475.0
5258, 66.6, 179.0, 1874.8, 321.79, 90.0, 1470.4
5259, 66.62, 178.99, 1882.1, 321.62, 90.25, 1466.2
5260, 67.16, 178.98, 1876.0, 321.41, 90.03, 1460.2
5261, 67.01, 178.93, 1861.7, 321.21, 89.78, 1455.4
5262, 65.3, 178.86, 1793.2, 321.0, 89.1, 1454.5
5263, 64.45, 178.85, 1646.9, 320.8, 88.27, 1451.7
5264, 63.7, 178.84, 1579.0, 320.47, 88.27, 1447.0
5265, 63.61, 178.82, 1562.2, 320.26, 87.29, 1442.1
5266, 63.64, 178.82, 1555.1, 319.93, 86.61, 1436.2
5267, 63.55, 178.8, 1555.2, 319.71, 86.77, 1431.7
5268, 63.7, 178.79, 1558.6, 319.47, 86.23, 1431.1
5269, 63.53, 178.71, 1549.4, 319.13, 84.61, 1432.0
5270, 63.39, 178.63, 1535.9, 318.79, 82.95, 1431.4
5271, 63.01, 178.6, 1515.0, 318.46, 81.18, 1430.2
5272, 63.01, 178.58, 1503.1, 318.05, 79.63, 1429.1
5273, 62.89, 178.54, 1499.7, 317.62, 79.15, 1423.0
5274, 63.0, 178.53, 1499.3, 317.28, 77.64, 1417.5
5275, 62.86, 178.55, 1492.3, 316.77, 77.3, 1412.7
5276, 62.91, 178.54, 1495.9, 316.43, 77.09, 1408.7
5277, 62.91, 178.54, 1491.6, 316.01, 76.49, 1404.8
5278, 62.84, 178.55, 1488.4, 315.48, 75.58, 1402.3
5279, 62.87, 178.59, 1484.0, 315.1, 76.11, 1399.2
5280, 62.77, 178.61, 1482.5, 314.71, 75.51, 1394.3
5281, 62.67, 178.65, 1481.2, 314.24, 74.68, 1388.8
5282, 62.53, 178.7, 1474.5, 313.78, 73.59, 1382.9
5283, 62.58, 178.78, 1466.6, 313.36, 72.4, 1379.8
5284, 62.4, 178.8, 1459.7, 312.85, 70.89, 1377.0
5285, 62.16, 178.74, 1441.9, 311.96, 68.05, 1372.2
5286, 61.99, 178.74, 1434.8, 311.45, 67.07, 1368.8
5287, 62.01, 178.71, 1431.1, 311.0, 66.24, 1364.0
5288, 63.41, 178.67, 1480.9, 310.57, 66.45, 1357.4
5289, 64.14, 178.64, 1553.5, 310.06, 65.91, 1351.0
5290, 64.4, 178.62, 1590.4, 309.53, 65.61, 1344.5
5291, 63.97, 178.58, 1598.1, 309.2, 66.01, 1337.8
5292, 64.44, 178.53, 1610.8, 308.83, 66.22, 1330.2
5293, 64.07, 178.52, 1617.1, 308.38, 65.63, 1320.8
5294, 64.86, 178.51, 1640.3, 307.86, 64.99, 1313.3
5295, 65.02, 178.47, 1672.1, 307.5, 66.32, 1303.9
5296, 65.61, 178.46, 1730.7, 307.18, 67.54, 1295.3
5297, 66.31, 178.47, 1754.2, 306.78, 66.76, 1288.5
5298, 65.9, 178.47, 1760.7, 306.5, 68.14, 1281.7
5299, 66.46, 178.45, 1760.8, 306.22, 67.71, 1275.5
5300, 65.83, 178.55, 1760.6, 305.87, 67.69, 1269.3
5301, 66.49, 178.6, 1756.9, 305.64, 66.78, 1264.7
5302, 66.56, 178.59, 1759.1, 305.36, 66.36, 1259.5
5303, 66.44, 178.56, 1761.5, 305.08, 67.22, 1254.3
5304, 66.42, 178.6, 1752.9, 304.84, 65.77, 1249.8
5305, 65.76, 178.65, 1752.0, 304.65, 65.43, 1245.4
5306, 66.49, 178.65, 1748.9, 304.42, 65.53, 1240.2
5307, 66.94, 178.65, 1748.9, 304.22, 65.41, 1234.7
5308, 66.07, 178.66, 1749.3, 304.0, 64.75, 1230.5
5309, 66.69, 178.67, 1744.6, 303.73, 64.42, 1226.3
5310, 66.1, 178.65, 1744.8, 303.65, 64.8, 1222.1
5311, 66.02, 178.63, 1742.8, 303.49, 63.83, 1218.9
5312, 65.95, 178.66, 1744.4, 303.22, 63.37, 1215.9
5313, 65.77, 178.67, 1740.9, 303.14, 62.91, 1212.8
5314, 66.24, 178.67, 1744.0, 303.03, 62.91, 1208.2
5315, 66.34, 178.64, 1740.1, 302.78, 62.61, 1202.6
5316, 66.14, 178.64, 1744.1, 302.76, 61.6, 1197.2
5317, 66.54, 178.62, 1746.3, 302.68, 61.44, 1191.7
5318, 66.07, 178.58, 1750.3, 302.58, 62.08, 1187.1
5319, 66.74, 178.55, 1750.7, 302.46, 62.8, 1181.7
5320, 67.23, 178.54, 1781.2, 302.37, 61.92, 1177.7
5321, 67.34, 178.53, 1808.6, 302.3, 61.88, 1174.2
5322, 67.07, 178.5, 1829.4, 302.27, 62.0, 1169.6
5323, 68.09, 178.48, 1844.3, 302.16, 61.82, 1165.1
5324, 68.2, 178.48, 1865.0, 302.15, 62.0, 1160.8
5325, 68.84, 178.45, 1901.7, 302.15, 61.51, 1157.5
5326, 68.99, 178.42, 1919.8, 302.03, 60.76, 1154.9
5327, 69.77, 178.4, 1937.8, 302.06, 62.05, 1151.8
5328, 70.44, 178.41, 1982.7, 302.12, 63.06, 1148.6
5329, 70.43, 178.39, 1999.8, 302.14, 62.97, 1146.3
5330, 70.23, 178.33, 2005.0, 302.16, 62.98, 1142.6
5331, 70.0, 178.3, 2009.1, 302.26, 63.79, 1137.3
5332, 70.22, 178.31, 2011.3, 302.31, 64.7, 1130.9
5333, 70.01, 178.26, 2009.8, 302.41, 63.4, 1127.3
5334, 69.87, 178.2, 2009.6, 302.52, 63.8, 1124.5
5335, 69.94, 178.14, 2013.1, 302.65, 64.7, 1119.8
5336, 70.4, 178.1, 2014.1, 302.81, 65.41, 1114.2
5337, 69.81, 178.01, 2013.9, 303.11, 64.88, 1103.2
5338, 69.82, 177.99, 1981.0, 303.3, 65.43, 1097.1
5339, 68.85, 177.97, 1952.4, 303.47, 67.05, 1090.2
5340, 69.16, 177.92, 1952.0, 303.67, 67.88, 1084.4
5341, 69.18, 177.86, 1943.1, 303.86, 67.69, 1078.9
5342, 69.14, 177.83, 1946.9, 304.03, 68.1, 1073.3
5343, 68.72, 177.77, 1945.0, 304.37, 68.24, 1067.9
5344, 68.92, 177.64, 1944.2, 304.69, 67.77, 1057.6
5345, 69.34, 177.6, 1944.3, 304.85, 69.02, 1052.8
5346, 69.29, 177.54, 1932.0, 305.17, 68.58, 1048.2
5347, 67.78, 177.47, 1900.7, 305.31, 69.64, 1043.6
5348, 67.68, 177.43, 1845.4, 305.51, 69.85, 1036.3
5349, 67.7, 177.4, 1832.4, 305.84, 69.71, 1030.2
5350, 67.77, 177.35, 1834.3, 306.08, 70.16, 1024.4
5351, 67.5, 177.27, 1831.3, 306.18, 70.42, 1017.3
5352, 67.27, 177.23, 1801.6, 306.43, 69.84, 1009.8
5353, 66.95, 177.2, 1789.0, 306.6, 70.96, 1001.7
5354, 66.26, 177.13, 1771.4, 306.83, 70.0, 995.1
5355, 66.48, 177.06, 1751.7, 306.96, 69.58, 988.6
5356, 66.59, 177.0, 1744.7, 307.18, 68.8, 984.8
5357, 66.89, 176.94, 1745.2, 307.29, 68.68, 983.1
5358, 66.79, 176.86, 1751.4, 307.41, 69.91, 980.6
5359, 66.14, 176.76, 1750.5, 307.65, 69.09, 976.2
5360, 66.62, 176.71, 1742.6, 307.73, 67.51, 970.2
5361, 66.1, 176.64, 1741.4, 307.95, 67.28, 963.3
5362, 65.93, 176.56, 1741.6, 308.13, 67.13, 956.9
5363, 66.61, 176.5, 1742.2, 308.25, 67.02, 951.0
5364, 66.36, 176.46, 1739.3, 308.35, 66.83, 944.3
5365, 66.31, 176.42, 1738.0, 308.48, 66.25, 937.9
5366, 66.36, 176.35, 1741.5, 308.56, 66.59, 933.9
5367, 66.77, 176.31, 1745.5, 308.69, 67.32, 930.6
5368, 66.56, 176.28, 1740.0, 308.82, 66.72, 927.7
5369, 66.97, 176.24, 1736.2, 308.93, 64.92, 922.2
5370, 66.34, 176.2, 1738.7, 309.02, 65.86, 916.6
5371, 66.36, 176.18, 1744.3, 309.1, 67.89, 912.3
5372, 65.16, 176.18, 1737.6, 309.23, 66.24, 904.2
5373, 66.59, 176.15, 1733.9, 309.35, 64.91, 898.0
5374, 65.88, 176.11, 1726.9, 309.38, 62.84, 892.5
5375, 66.43, 176.1, 1725.9, 309.5, 61.63, 888.7
5376, 66.46, 176.09, 1734.8, 309.61, 61.91, 884.2
5377, 66.54, 176.06, 1733.7, 309.66, 62.65, 878.3
5378, 66.51, 176.02, 1722.0, 309.88, 61.76, 874.5
5379, 65.6, 176.02, 1681.9, 310.01, 61.31, 868.9
5380, 66.12, 176.01, 1660.0, 310.06, 60.86, 864.2
5381, 65.26, 175.98, 1625.3, 310.18, 60.91, 859.4
5382, 64.67, 175.94, 1575.8, 310.23, 59.07, 855.1
5383, 64.35, 175.94, 1547.2, 310.23, 57.88, 850.9
5384, 63.49, 175.91, 1515.0, 310.36, 58.21, 846.8
5385, 59.73, 175.86, 1304.6, 310.37, 57.36, 843.6
5386, 43.03, 175.8, 1030.1, 310.48, 55.81, 840.9
5387, 53.35, 175.76, 923.0, 310.49, 51.84, 838.8
5388, 28.86, 175.72, 864.2, 310.48, 43.54, 837.6
5389, 19.94, 175.69, 851.7, 310.37, 47.3, 838.5
5390, -2.68, 175.68, 844.8, 310.27, 40.99, 838.5
5391, 52.9, 175.63, 850.7, 310.14, 42.75, 838.5
5392, 53.12, 175.62, 864.1, 309.88, 41.77, 838.7
5393, 59.01, 175.59, 1086.9, 309.09, 42.18, 838.8
5394, 71.92, 175.57, 2043.6, 308.73, 41.57, 839.3
5395, 72.29, 175.53, 2380.6, 308.48, 45.03, 839.0
5396, 72.9, 175.51, 2439.6, 308.32, 46.76, 838.9
5397, 73.82, 175.56, 2443.8, 308.23, 50.75, 839.1
5398, 73.7, 175.66, 2449.0, 308.22, 52.46, 839.1
5399, 71.72, 175.75, 2452.1, 308.3, 53.58, 839.1
5400, 73.96, 175.85, 2464.4, 308.45, 55.24, 840.9
5401, 74.07, 175.98, 2470.7, 308.66, 58.94, 844.0
5402, 75.27, 176.12, 2482.3, 308.9, 60.65, 849.6
5403, 75.68, 176.22, 2487.8, 309.21, 64.55, 857.8
5404, 75.28, 176.32, 2501.2, 309.59, 67.5, 868.5
5405, 75.94, 176.46, 2499.5, 309.97, 68.92, 879.7
5406, 75.24, 176.57, 2504.3, 310.39, 70.36, 891.2
5407, 74.82, 176.7, 2523.6, 310.84, 72.95, 904.4
5408, 75.0, 176.8, 2515.4, 311.34, 72.26, 916.6
5409, 74.92, 176.9, 2516.6, 311.86, 72.77, 927.0
5410, 74.08, 176.95, 2519.6, 312.41, 74.93, 936.0
5411, 75.01, 176.93, 2532.7, 313.01, 75.27, 945.2
5412, 74.84, 176.93, 2522.0, 313.59, 76.15, 955.7
5413, 74.29, 176.93, 2532.2, 314.21, 76.3, 966.9
5414, 73.87, 176.9, 2529.2, 314.83, 77.48, 979.2
5415, 74.24, 176.85, 2539.2, 315.51, 79.13, 990.0
5416, 73.69, 176.82, 2539.3, 316.14, 79.19, 1000.3
5417, 73.78, 176.8, 2541.6, 316.81, 80.53, 1012.1
5418, 73.97, 176.76, 2540.3, 317.51, 78.79, 1024.0
5419, 74.28, 176.71, 2544.3, 318.2, 80.6, 1036.5
5420, 73.96, 176.67, 2552.1, 318.92, 79.93, 1049.6
5421, 73.64, 176.64, 2539.0, 319.65, 79.14, 1062.0
5422, 74.09, 176.59, 2548.7, 320.36, 80.99, 1073.8
5423, 73.39, 176.53, 2553.1, 321.08, 81.72, 1086.2
5424, 73.84, 176.51, 2557.0, 321.82, 81.99, 1098.8
5425, 74.11, 176.48, 2561.0, 322.67, 82.24, 1113.7
5426, 74.17, 176.43, 2544.6, 323.33, 82.15, 1127.9
5427, 73.28, 176.38, 2541.4, 324.05, 81.92, 1141.5
5428, 73.7, 176.36, 2549.0, 324.93, 82.96, 1156.0
5429, 73.03, 176.34, 2555.5, 325.7, 83.01, 1171.0
5430, 73.52, 176.3, 2552.3, 326.39, 82.33, 1186.5
5431, 72.7, 176.26, 2540.2, 327.2, 81.69, 1202.3
5432, 72.83, 176.25, 2550.9, 327.91, 81.92, 1218.6
5433, 73.37, 176.22, 2548.0, 328.67, 81.58, 1233.9
5434, 73.28, 176.18, 2548.0, 329.55, 81.29, 1250.3
5435, 72.65, 176.15, 2539.8, 330.24, 80.97, 1265.3
5436, 72.85, 176.14, 2527.4, 330.96, 80.08, 1281.9
5437, 72.78, 176.13, 2532.8, 331.86, 78.98, 1293.3
5438, 72.76, 176.11, 2534.5, 332.58, 78.57, 1305.3
5439, 72.88, 176.1, 2528.2, 333.33, 78.84, 1319.3
5440, 72.71, 176.12, 2538.8, 334.1, 78.13, 1334.1
5441, 73.09, 176.13, 2542.5, 334.88, 78.6, 1352.0
5442, 73.14, 176.14, 2536.2, 335.69, 79.93, 1370.5
5443, 72.02, 176.16, 2534.1, 336.58, 79.93, 1390.7
5444, 72.41, 176.2, 2530.6, 337.29, 78.36, 1408.3
5445, 72.27, 176.22, 2529.4, 338.16, 78.9, 1428.5
5446, 72.51, 176.25, 2528.9, 338.89, 78.32, 1448.2
5447, 72.2, 176.29, 2526.4, 339.65, 77.6, 1467.1
5448, 72.13, 176.34, 2514.8, 340.5, 75.71, 1484.7
5449, 72.83, 176.36, 2513.6, 341.24, 74.91, 1501.9
5450, 71.81, 176.39, 2517.1, 341.99, 74.77, 1519.4
5451, 72.08, 176.44, 2506.4, 342.87, 74.37, 1536.8
5452, 70.63, 176.48, 2504.0, 343.57, 73.27, 1553.3
5453, 70.9, 176.51, 2505.3, 344.32, 72.4, 1569.5
5454, 71.73, 176.55, 2511.7, 345.09, 72.87, 1582.9
5455, 71.89, 176.62, 2503.3, 345.97, 73.06, 1594.2
5456, 71.76, 176.7, 2502.4, 346.65, 73.65, 1602.7
5457, 71.87, 176.77, 2507.5, 347.42, 75.51, 1609.6
5458, 72.69, 176.85, 2527.3, 348.17, 76.02, 1616.9
5459, 72.43, 176.93, 2519.5, 348.94, 76.87, 1622.2
5460, 72.11, 177.0, 2520.8, 349.72, 78.54, 1625.5
5461, 72.11, 177.08, 2536.2, 350.46, 80.72, 1628.0
5462, 71.99, 177.16, 2535.5, 351.32, 82.13, 1630.7
5463, 71.09, 177.24, 2471.6, 352.0, 83.53, 1629.7
5464, 68.07, 177.3, 2359.8, 352.74, 85.06, 1626.4
5465, 70.26, 177.36, 2334.6, 353.46, 86.11, 1625.1
5466, 69.22, 177.44, 2325.1, 354.21, 86.66, 1624.5
5467, 69.22, 177.51, 2334.2, 354.92, 87.5, 1623.6
5468, 70.47, 177.56, 2311.6, 355.61, 87.97, 1623.5
5469, 70.62, 177.61, 2299.2, 356.25, 88.4, 1624.6
5470, 70.36, 177.68, 2256.7, 356.9, 88.04, 1626.8
5471, 69.17, 177.75, 2223.7, 357.51, 88.01, 1629.1
5472, 69.01, 177.79, 2148.5, 358.09, 87.68, 1632.3
5473, 68.26, 177.83, 2057.4, 358.65, 87.37, 1635.0
5474, 63.11, 177.9, 1997.8, 359.18, 86.45, 1636.0
5475, 66.89, 177.98, 1979.7, 360.07, 85.8, 1634.6
5476, 66.98, 178.01, 1975.7, 360.49, 85.12, 1632.1
5477, 66.76, 178.08, 1973.1, 360.83, 84.96, 1627.7
5478, 66.49, 178.13, 1970.6, 361.18, 84.93, 1624.0
5479, 67.15, 178.14, 1973.4, 361.47, 85.15, 1623.2
5480, 66.73, 178.17, 1970.0, 361.73, 85.11, 1624.5
5481, 66.96, 178.21, 1974.5, 361.95, 85.72, 1626.4
5482, 66.93, 178.23, 1967.8, 362.15, 85.01, 1628.4
5483, 66.38, 178.21, 1966.5, 362.31, 85.04, 1630.5
5484, 67.04, 178.21, 1964.2, 362.47, 83.61, 1632.4
5485, 66.83, 178.23, 1957.7, 362.58, 83.71, 1633.7
5486, 66.19, 178.24, 1954.8, 362.67, 83.15, 1633.2
5487, 66.46, 178.23, 1955.4, 362.79, 82.41, 1632.8
5488, 67.21, 178.25, 1954.9, 362.81, 83.29, 1631.6
5489, 66.85, 178.3, 1953.5, 362.81, 82.87, 1630.5
5490, 66.95, 178.33, 1953.7, 362.91, 82.23, 1629.5
5491, 66.8, 178.34, 1952.1, 362.93, 81.93, 1629.4
5492, 66.39, 178.38, 1953.7, 362.88, 82.21, 1631.3
5493, 66.11, 178.4, 1953.5, 362.82, 82.87, 1631.4
5494, 67.25, 178.42, 1951.3, 362.81, 82.68, 1629.2
5495, 67.06, 178.42, 1950.8, 362.73, 81.6, 1626.6
5496, 66.75, 178.47, 1947.7, 362.68, 81.37, 1623.0
5497, 66.88, 178.5, 1947.1, 362.57, 81.42, 1618.5
5498, 66.57, 178.51, 1953.2, 362.48, 82.21, 1613.9
5499, 67.07, 178.54, 1955.4, 362.35, 83.24, 1608.7
5500, 66.32, 178.61, 1954.4, 362.28, 82.27, 1603.3
5501, 66.77, 178.66, 1966.8, 362.11, 85.45, 1598.2
5502, 67.74, 178.71, 1975.4, 361.82, 85.86, 1588.4
5503, 67.39, 178.77, 1973.8, 361.66, 85.64, 1583.2
5504, 66.76, 178.84, 1974.4, 361.49, 85.55, 1578.6
5505, 67.48, 178.87, 1979.0, 361.31, 86.21, 1574.4
5506, 66.69, 178.89, 1918.3, 361.1, 85.95, 1571.0
5507, 66.82, 178.95, 1864.1, 360.93, 86.15, 1568.3
5508, 66.18, 178.98, 1854.9, 360.68, 86.22, 1564.7
5509, 66.07, 178.96, 1854.4, 360.47, 86.38, 1562.1
5510, 66.27, 178.96, 1816.2, 360.22, 86.41, 1558.8
5511, 64.33, 178.97, 1685.4, 359.92, 85.95, 1554.7
5512, 62.62, 178.96, 1560.2, 359.64, 83.75, 1549.6
5513, 61.87, 178.93, 1488.9, 359.35, 83.19, 1542.0
5514, 61.59, 178.96, 1465.9, 359.0, 83.11, 1534.9
5515, 61.57, 178.96, 1462.9, 358.61, 82.37, 1527.6
5516, 61.63, 178.95, 1459.9, 358.18, 81.44, 1521.1
5517, 61.52, 178.92, 1453.3, 357.76, 80.57, 1515.4
5518, 61.44, 178.88, 1445.6, 357.27, 79.76, 1509.9
5519, 61.35, 178.88, 1437.5, 356.78, 79.32, 1504.4
5520, 61.32, 178.88, 1431.1, 356.22, 78.32, 1496.1
5521, 61.33, 178.9, 1430.8, 355.56, 77.92, 1487.3
5522, 61.5, 178.95, 1434.6, 355.03, 78.86, 1477.7
5523, 61.42, 179.01, 1433.8, 354.49, 78.77, 1466.9
5524, 61.49, 179.04, 1433.1, 353.75, 78.12, 1455.1
5525, 61.71, 179.08, 1440.2, 353.09, 79.79, 1443.9
5526, 61.74, 179.15, 1447.0, 352.44, 80.81, 1432.1
5527, 61.75, 179.21, 1444.9, 351.75, 79.66, 1421.1
5528, 61.78, 179.24, 1445.2, 351.13, 79.86, 1410.2
5529, 61.77, 179.27, 1444.1, 350.54, 79.96, 1397.3
5530, 61.81, 179.33, 1448.6, 349.76, 80.43, 1384.4
5531, 61.87, 179.38, 1449.6, 349.14, 79.6, 1374.9
5532, 61.91, 179.4, 1448.3, 348.33, 78.88, 1366.2
5533, 61.82, 179.44, 1444.8, 347.57, 78.68, 1359.1
5534, 61.81, 179.5, 1440.0, 346.95, 78.03, 1353.9
5535, 61.65, 179.55, 1433.6, 346.13, 77.54, 1348.7
5536, 61.71, 179.58, 1427.3, 345.37, 76.55, 1344.0
5537, 61.54, 179.67, 1419.3, 344.61, 76.5, 1336.4
5538, 61.38, 179.72, 1414.4, 343.85, 75.82, 1329.2
5539, 61.36, 179.73, 1408.8, 343.12, 74.91, 1324.5
5540, 61.61, 179.68, 1414.8, 342.34, 73.96, 1320.7
5541, 62.04, 179.67, 1439.5, 341.58, 72.94, 1315.6
5542, 62.14, 179.68, 1447.6, 340.78, 71.85, 1310.5
5543, 62.24, 179.68, 1450.6, 340.0, 70.57, 1306.0
5544, 62.74, 179.67, 1470.8, 339.23, 70.21, 1300.6
5545, 63.1, 179.7, 1498.8, 338.45, 69.33, 1294.2
5546, 63.3, 179.72, 1506.2, 337.69, 68.25, 1286.6
5547, 63.49, 179.71, 1518.3, 337.09, 68.24, 1277.5
5548, 63.81, 179.71, 1536.9, 336.32, 68.7, 1267.6
5549, 63.82, 179.73, 1540.6, 335.53, 69.18, 1255.5
5550, 63.8, 179.74, 1537.4, 334.77, 69.48, 1246.2
5551, 63.67, 179.72, 1539.1, 334.04, 69.75, 1238.9
5552, 63.83, 179.7, 1542.4, 333.33, 69.26, 1231.7
5553, 63.66, 179.72, 1542.8, 332.79, 69.15, 1225.3
5554, 63.56, 179.74, 1539.5, 332.02, 68.24, 1218.7
5555, 63.71, 179.72, 1537.7, 331.25, 68.34, 1213.7
5556, 63.59, 179.71, 1535.7, 329.98, 68.5, 1202.4
5557, 63.49, 179.71, 1534.8, 329.36, 68.01, 1195.8
5558, 63.62, 179.68, 1535.4, 328.64, 67.5, 1189.3
5559, 63.32, 179.65, 1526.1, 327.58, 66.33, 1179.7
5560, 63.54, 179.63, 1526.5, 326.87, 67.36, 1174.5
5561, 63.41, 179.59, 1521.9, 326.25, 65.44, 1170.5
5562, 63.37, 179.58, 1515.3, 325.66, 63.55, 1165.8
5563, 63.27, 179.58, 1511.9, 325.07, 61.93, 1159.6
5564, 63.28, 179.56, 1512.3, 324.47, 64.14, 1153.9
5565, 63.47, 179.53, 1514.8, 323.92, 63.67, 1148.4
5566, 63.34, 179.52, 1510.1, 323.34, 62.39, 1143.2
5567, 63.34, 179.51, 1503.4, 322.79, 62.19, 1138.4
5568, 63.36, 179.47, 1495.2, 322.27, 61.37, 1131.6
5569, 63.37, 179.44, 1500.5, 321.7, 62.1, 1119.7
5570, 64.07, 179.44, 1533.1, 321.19, 63.65, 1107.3
5571, 65.83, 179.43, 1635.1, 320.68, 65.14, 1094.3
5572, 66.36, 179.4, 1721.9, 320.17, 67.16, 1083.9
5573, 66.6, 179.42, 1794.6, 319.67, 66.9, 1075.3
5574, 67.16, 179.5, 1809.3, 319.31, 66.37, 1067.6
5575, 67.37, 179.5, 1811.2, 318.79, 68.2, 1061.5
5576, 67.25, 179.46, 1812.5, 318.35, 68.33, 1056.3
5577, 67.33, 179.46, 1813.4, 317.94, 67.12, 1052.6
5578, 67.23, 179.51, 1804.9, 317.6, 66.33, 1048.5
5579, 67.05, 179.55, 1785.2, 317.23, 67.18, 1043.0
5580, 66.31, 179.55, 1760.8, 316.91, 64.87, 1039.4
5581, 66.62, 179.56, 1750.7, 316.57, 64.65, 1036.0
5582, 66.03, 179.59, 1753.3, 316.29, 64.94, 1029.9
5583, 66.91, 179.59, 1757.3, 315.98, 66.1, 1021.7
5584, 66.24, 179.55, 1761.0, 315.69, 66.02, 1014.7
5585, 66.49, 179.54, 1775.5, 315.52, 65.76, 1011.4
5586, 66.4, 179.53, 1774.7, 315.18, 63.7, 1006.6
5587, 66.67, 179.5, 1776.3, 314.89, 64.07, 1000.5
5588, 66.2, 179.45, 1778.1, 314.66, 64.3, 995.3
5589, 65.93, 179.39, 1780.0, 314.43, 65.84, 990.8
5590, 66.94, 179.36, 1774.5, 314.18, 63.42, 984.4
5591, 66.27, 179.28, 1775.7, 314.0, 62.99, 978.5
5592, 66.96, 179.2, 1780.3, 313.77, 61.97, 972.4
5593, 66.78, 179.16, 1786.7, 313.59, 63.41, 968.5
5594, 66.29, 179.1, 1791.5, 313.47, 64.0, 965.6
5595, 66.78, 179.01, 1794.8, 313.26, 62.93, 958.7
5596, 66.85, 178.93, 1796.7, 313.16, 63.35, 952.5
5597, 66.19, 178.89, 1794.4, 313.04, 63.41, 948.6
5598, 66.83, 178.85, 1802.0, 312.8, 64.49, 946.3
5599, 67.21, 178.78, 1805.1, 312.64, 63.78, 944.0
5600, 67.12, 178.74, 1805.2, 312.51, 62.64, 939.1
5601, 67.09, 178.72, 1801.4, 312.47, 61.93, 933.7
5602, 67.09, 178.7, 1803.4, 312.32, 62.69, 927.7
5603, 67.03, 178.65, 1805.2, 312.31, 62.64, 922.4
5604, 67.05, 178.6, 1806.9, 312.13, 61.92, 917.7
5605, 67.3, 178.57, 1802.5, 312.16, 61.71, 911.9
5606, 67.16, 178.52, 1804.7, 311.97, 60.82, 906.3
5607, 67.14, 178.45, 1807.6, 312.02, 62.54, 901.8
5608, 67.15, 178.4, 1809.3, 311.84, 62.86, 899.0
5609, 66.54, 178.36, 1803.9, 311.78, 61.93, 894.0
5610, 66.65, 178.32, 1784.5, 311.88, 62.88, 887.3
5611, 66.9, 178.27, 1755.3, 311.82, 62.83, 880.2
5612, 66.19, 178.24, 1734.4, 311.79, 63.06, 874.5
5613, 65.62, 178.21, 1672.6, 311.78, 62.18, 869.9
5614, 64.67, 178.16, 1583.4, 311.68, 62.58, 863.7
5615, 63.64, 178.1, 1512.5, 311.71, 61.71, 858.4
5616, 63.14, 178.05, 1480.2, 311.67, 59.56, 854.7
5617, 62.26, 178.0, 1432.1, 311.55, 58.08, 852.5
5618, 60.67, 177.92, 1349.9, 311.59, 56.2, 849.0
5619, 60.01, 177.84, 1294.6, 311.52, 55.06, 845.5
5620, 45.04, 177.8, 1178.3, 311.42, 53.01, 843.7
5621, 24.5, 177.75, 1020.7, 311.32, 50.62, 841.0
5622, 19.83, 177.66, 954.9, 311.17, 45.04, 838.9
5623, 26.84, 177.59, 930.1, 311.02, 44.24, 838.7
5624, 9.06, 177.55, 924.1, 310.86, 40.87, 838.9
5625, 1.31, 177.49, 915.8, 310.61, 40.36, 838.6
5626, 29.38, 177.41, 904.6, 310.37, 38.77, 838.7
5627, -5.14, 177.34, 901.0, 310.1, 40.52, 838.7
5628, 39.24, 177.3, 901.1, 309.85, 39.09, 838.7
5629, -6.97, 177.25, 897.2, 309.55, 38.64, 838.9
5630, 42.56, 177.17, 898.2, 309.22, 37.57, 839.3
5631, -6.72, 177.11, 888.7, 308.61, 36.19, 839.1
5632, -6.26, 177.05, 888.8, 308.33, 35.89, 839.2
5633, 5.04, 176.98, 886.8, 307.96, 36.62, 839.2
5634, 50.19, 176.88, 828.8, 307.65, 34.46, 838.8
5635, 20.23, 176.72, 775.8, 307.29, 33.52, 838.5
5636, 20.72, 176.59, 767.6, 306.96, 31.98, 838.3
5637, 51.66, 176.51, 768.5, 306.59, 30.57, 838.3
5638, 51.58, 176.43, 760.8, 306.2, 28.95, 838.2
5639, 51.56, 176.39, 764.1, 305.84, 28.96, 838.2
5640, 51.54, 176.38, 769.1, 305.43, 27.1, 838.4
5641, 51.38, 176.34, 756.1, 305.05, 23.39, 838.8
5642, 51.5, 176.33, 762.9, 304.67, -1.09, 839.5
5643, 51.52, 176.31, 759.3, 304.26, 0.02, 839.6
5644, 51.65, 176.31, 762.8, 303.87, 0.0, 839.6
5645, 51.74, 176.31, 767.6, 303.47, -0.0, 839.8
5646, 51.77, 176.31, 766.0, 303.08, 0.0, 839.4
5647, 51.8, 176.31, 771.1, 302.7, 0.0, 838.9
5648, 52.13, 176.31, 793.8, 302.29, -0.0, 838.6
5649, 50.64, 176.42, 864.0, 301.9, 0.0, 838.5
5650, 51.45, 176.52, 887.8, 301.5, 0.0, 838.3
5651, 53.13, 176.56, 900.8, 301.12, -0.0, 838.6
5652, 53.7, 176.5, 908.5, 300.37, 0.0, 839.4
5653, 53.63, 176.45, 912.1, 300.01, -0.0, 839.3
5654, 53.74, 176.36, 912.5, 299.66, -0.0, 839.5
5655, 53.77, 176.26, 912.4, 299.32, 0.0, 839.5
5656, 53.81, 176.21, 917.5, 298.99, 0.0, 839.7
5657, 53.81, 176.14, 914.6, 298.68, -0.0, 839.4
5658, 53.91, 176.09, 921.9, 298.36, 0.0, 839.2
5659, 53.85, 176.06, 923.1, 298.06, 0.0, 839.5
5660, 53.9, 176.03, 918.3, 297.87, -0.0, 839.4
5661, 53.91, 176.01, 925.0, 297.5, 0.0, 839.5
5662, 53.86, 176.01, 919.8, 297.2, 0.0, 839.5
5663, 53.9, 176.01, 921.1, 296.92, -0.0, 839.7
5664, 54.0, 176.01, 923.0, 296.64, -0.0, 840.1
5665, 53.98, 176.0, 926.9, 296.41, 0.0, 839.9
5666, 53.9, 176.0, 923.5, 296.15, 0.0, 839.9
5667, 53.76, 176.0, 909.7, 295.89, 0.0, 840.0
5668, 53.77, 176.01, 910.8, 295.66, 0.0, 840.0
5669, 53.78, 176.02, 909.8, 295.45, 0.0, 839.7
5670, 53.64, 176.02, 906.7, 295.19, 0.0, 839.2
5671, 53.8, 176.03, 909.0, 294.97, 0.0, 839.1
5672, 53.7, 176.04, 907.6, 294.78, 0.0, 839.1
5673, 53.74, 176.05, 907.5, 294.54, 0.0, 839.0
5674, 53.58, 176.06, 900.7, 294.37, 0.0, 839.0
5675, 53.62, 176.07, 898.8, 294.17, 0.0, 839.3
5676, 53.65, 176.08, 900.7, 293.99, 0.0, 839.7
5677, 53.65, 176.08, 899.7, 293.81, 0.0, 840.2
5678, 53.73, 176.11, 901.3, 293.65, 0.0, 840.3
5679, 53.77, 176.13, 906.0, 293.47, 0.0, 840.5
5680, 53.68, 176.16, 900.1, 293.32, 0.0, 840.6
5681, 53.56, 176.17, 894.5, 293.14, 0.0, 839.8
5682, 53.69, 176.17, 900.0, 293.0, 0.0, 839.6
5683, 53.62, 176.19, 898.9, 292.89, 0.0, 838.4
5684, 53.71, 176.24, 899.4, 292.76, 0.0, 838.3
5685, 53.72, 176.3, 900.0, 292.6, 0.0, 838.1
5686, 53.72, 176.37, 900.6, 292.49, 0.0, 838.0
5687, 53.63, 176.42, 899.7, 292.41, 0.0, 838.8
5688, 53.63, 176.46, 897.5, 292.28, 0.0, 839.2
5689, 53.55, 176.49, 892.3, 292.16, 0.0, 840.1
5690, 53.57, 176.49, 895.0, 292.07, 0.0, 840.2
